,l_lnsmfn,dxr,imf,fsharec,wlrcac,polity
l_lnsmfn,1.0,-0.1828589736148179,0.3428697283233514,-0.41821453681815546,-0.0472236730742745,-0.3128916677783743
dxr,-0.1828589736148179,1.0,0.07413203892479048,0.12349690103509348,-0.1696723630816525,0.2313276958896305
imf,0.3428697283233514,0.07413203892479048,1.0,-0.163527587009964,-0.1840447896731288,-0.21740293979183245
fsharec,-0.41821453681815546,0.12349690103509348,-0.163527587009964,1.0,-0.2222527117492223,0.14108224281064058
wlrcac,-0.0472236730742745,-0.1696723630816525,-0.1840447896731288,-0.2222527117492223,1.0,-0.09296557835313067
polity,-0.3128916677783743,0.2313276958896305,-0.21740293979183245,0.14108224281064058,-0.09296557835313067,1.0
